Tanggal,Kurs_USD_IDR,Harga_Emas_IDR_per_Gram,Harga_Minyak_IDR_per_Barel,Fed_Rate_Percent
1/3/2023,15550,919746.4671,1196261.505,4.332496643
1/4/2023,15571.7998,927594.3684,1134249.841,4.332496643
1/5/2023,15560,917886.6931,1146305.172,4.332496643
1/6/2023,15620,936190.565,1152287.348,4.332496643
1/9/2023,15602.2998,939393.5114,1164399.592,4.332496643
1/10/2023,15580,937499.8833,1170369.643,4.332496643
1/11/2023,15528.90039,935922.8477,1202092.236,4.332496643
1/12/2023,15414,939355.2816,1208303.451,4.332496643
1/13/2023,15172,935777.8118,1211635.929,4.332496643
1/17/2023,15082,924795.9125,1209274.765,4.332496643
1/18/2023,15162,928336.4628,1205075.811,4.332496643
1/19/2023,15096,932886.0492,1212661.708,4.330001831
1/20/2023,15141,937760.1482,1231114.673,4.332496643
1/23/2023,15055.90039,932828.3079,1228862.631,4.330001831
1/24/2023,15007,933079.4819,1202510.869,4.330001831
1/25/2023,14955.5,933387.4281,1198683.348,4.332496643
1/26/2023,14938.7002,926527.4385,1210184.135,4.330001831
1/27/2023,14942.5,926522.9037,1190618.405,4.330001831
1/30/2023,14970.40039,925509.4532,1166194.213,4.330001831
1/31/2023,14995,930212.1144,1182655.691,4.332496643
2/1/2023,14990.7002,929126.0652,1145439.457,4.572502136
2/2/2023,14855,915222.9564,1127197.359,4.572502136
2/3/2023,14881,891276.3922,1092116.581,4.572502136
2/6/2023,15078.7998,904723.1167,1117489.863,4.574996948
2/7/2023,15200,914682.8896,1172527.991,4.569999695
2/8/2023,15147,914269.3964,1188585.108,4.569999695
2/9/2023,15117,907015.116,1180032.983,4.572502136
2/10/2023,15140,906740.1656,1206960.818,4.569999695
2/13/2023,15182.2002,903947.0449,1216701.514,4.569999695
2/14/2023,15211,906688.7649,1202581.623,4.572502136
2/15/2023,15179,895118.5898,1192917.554,4.572502136
2/16/2023,15210,900761.0076,1193832.868,4.572502136
2/17/2023,15142,895955.0266,1155940.225,4.572502136
2/21/2023,15162.5,893560.6121,1154776.056,4.572502136
2/22/2023,15233,897225.5855,1126480.304,4.572502136
2/23/2023,15192,887972.6076,1145324.871,4.572502136
2/24/2023,15210,884525.8168,1160827.195,4.569999695
2/27/2023,15257.7002,891322.2388,1154702.755,4.572502136
2/28/2023,15209,894296.1555,1171853.496,4.572502136
3/1/2023,15240,900430.7315,1183995.637,4.665000916
3/2/2023,15243,898549.697,1191392.936,4.667503357
3/3/2023,15322,910201.7024,1220856.965,4.667503357
3/6/2023,15255.09961,906325.6206,1227425.301,4.667503357
3/7/2023,15352,895300.9525,1191008.188,4.692497253
3/8/2023,15437,899662.39,1183400.477,4.70249939
3/9/2023,15450,908665.7693,1169874.019,4.694999695
3/10/2023,15489,927243.4935,1187696.525,4.662498474
3/13/2023,15472.59961,950985.1919,1157350.498,4.605003357
3/14/2023,15409,944351.4411,1099123.998,4.637496948
3/15/2023,15372,952165.9885,1039300.929,4.617500305
3/16/2023,15479,955011.526,1057989.626,4.635002136
3/17/2023,15422,976682.8927,1029264.247,4.625
3/20/2023,15368.5,977939.2817,1039525.331,4.629997253
3/21/2023,15340,955806.2597,1063522.228,4.635002136
3/22/2023,15294,957267.1869,1084344.623,4.647499084
3/23/2023,15251,977621.3142,1066959.946,4.647499084
3/24/2023,15047,958884.3163,1042155.252,4.647499084
3/27/2023,15148,950856.1921,1102925.843,4.650001526
3/28/2023,15107.5,958028.3045,1105868.954,4.650001526
3/29/2023,15061,952028.927,1099001.188,4.650001526
3/30/2023,15031.5,957026.7071,1117892.696,4.650001526
3/31/2023,15020,950837.6871,1136563.372,4.650001526
4/3/2023,14988,955991.8841,1205334.933,4.815002441
4/4/2023,14915,969701.5536,1203789.636,4.817497253
4/5/2023,14958,971872.0583,1205764.389,4.815002441
4/6/2023,14956,967414.4956,1206949.154,4.819999695
4/10/2023,14906,953253.6286,1188604.408,4.82749939
4/11/2023,14955,963936.0435,1219281.132,4.82749939
4/12/2023,14913,964153.6182,1241656.412,4.82749939
4/13/2023,14823.5,972855.5074,1217898.814,4.82749939
4/14/2023,14720,947558.4189,1214694.351,4.830001831
4/17/2023,14693,942041.2456,1187635.217,4.830001831
4/18/2023,14860,959054.909,1201579.609,4.830001831
4/19/2023,14890,955150.6188,1178692.455,4.830001831
4/20/2023,15006,968574.123,1159813.754,4.830001831
4/21/2023,14946,951198.6432,1163845.061,4.830001831
4/24/2023,14838,948904.9605,1168640.912,4.830001831
4/25/2023,14945,958102.1428,1151811.145,4.830001831
4/26/2023,14935,953475.6143,1109670.546,4.82749939
4/27/2023,14841.5,949510.5442,1109550.572,4.830001831
4/28/2023,14684,939528.6074,1127437.502,4.830001831
5/1/2023,14663,935026.4298,1109402.634,5.042503357
5/2/2023,14671.5,950143.9763,1051359.744,5.022499084
5/3/2023,14752.5,962172.1395,1012021.477,5.04750061
5/4/2023,14680.5,966632.8227,1006495.044,5.037498474
5/5/2023,14700,953454.7674,1048697.946,5.044998169
5/8/2023,14668,955576.3537,1073110.934,5.04750061
5/9/2023,14750,965613.1715,1087222.486,5.050003052
5/10/2023,14767,964019.9174,1071493.484,5.04750061
5/11/2023,14691,951595.7041,1041151.21,5.052497864
5/12/2023,14770.5,956650.2886,1034525.834,5.052497864
5/15/2023,14743,956528.1721,1048374.739,5.052497864
5/16/2023,14795,945822.1217,1048373.709,5.055000305
5/17/2023,14885,947890.7124,1084074.577,5.055000305
5/18/2023,14876.5,935774.8244,1069025.299,5.055000305
5/19/2023,14916,948905.701,1067239.846,5.057502747
5/22/2023,14918,947162.4457,1073946.788,5.057502747
5/23/2023,14886,943982.0844,1085338.315,5.057502747
5/24/2023,14895,939955.5268,1107294.245,5.057502747
5/25/2023,14945.90039,933701.3096,1073564.052,5.055000305
5/26/2023,14970,935688.1584,1087869.873,5.057502747
5/30/2023,14960,941748.6778,1039121.586,5.057502747
5/31/2023,14979,945786.1162,1019920.055,5.055000305
6/1/2023,14984,952894.4331,1050378.377,5.117500305
6/2/2023,14907,935728.3638,1069428.148,5.125
6/5/2023,14983,943196.5534,1081023.473,5.117500305
6/6/2023,14849.5,938373.2458,1065303.098,5.11000061
6/7/2023,14872,928893.3295,1078666.142,5.114997864
6/8/2023,14889,939959.8128,1061436.824,5.114997864
6/9/2023,14836,935946.0664,1041042.093,5.120002747
6/12/2023,14833,932466.302,995591.0007,5.114997864
6/13/2023,14871.5,929770.5576,1032379.503,5.092498779
6/14/2023,14869,934729.4171,1015106.58,5.082496643
6/15/2023,14909,938442.3273,1052873.621,5.082496643
6/16/2023,14897,937974.349,1069306.642,5.080001831
6/20/2023,15008,933913.6753,1058064,5.080001831
6/21/2023,15016,933349.4151,1089110.462,5.080001831
6/22/2023,14943,918915.0858,1038687.962,5.080001831
6/23/2023,14935,921496.2347,1032904.655,5.07749939
6/26/2023,14987,926921.1236,1039648.231,5.07749939
6/27/2023,15039,925447.1683,1018140.254,5.074996948
6/28/2023,14982.5,921151.4936,1042182.663,5.074996948
6/29/2023,14981,919566.1089,1046572.669,5.07749939
6/30/2023,15064,930424.2298,1064120.951,5.074996948
7/3/2023,14986,925895.6538,1045872.954,5.11000061
7/5/2023,15010,926365.0597,1077567.914,5.107498169
7/6/2023,15077,925216.4279,1082528.646,5.11000061
7/7/2023,15189.2998,940653.8988,1121881.693,5.112503052
7/10/2023,15128,936274.0528,1104192.688,5.112503052
7/11/2023,15216,944802.403,1138613.308,5.112503052
7/12/2023,15156.7998,953260.2774,1148127.585,5.11000061
7/13/2023,14928,940310.1539,1147813.911,5.112503052
7/14/2023,14954,942380.6014,1127830.653,5.114997864
7/17/2023,14951,938490.291,1108616.673,5.117500305
7/18/2023,14982.5,952413.6598,1134924.375,5.117500305
7/19/2023,14986,952780.716,1129195.077,5.117500305
7/20/2023,14992,948727.7744,1133844.919,5.114997864
7/21/2023,15051.5,950557.403,1160019.1,5.114997864
7/24/2023,15018,946510.397,1182517.288,5.117500305
7/25/2023,15021.5,947600.2631,1196162.004,5.120002747
7/26/2023,15032,951549.0272,1184220.942,5.120002747
7/27/2023,15007,938628.0697,1201910.575,5.120002747
7/28/2023,15095,951411.8465,1216355.128,5.120002747
7/31/2023,15088,955870.0468,1234198.446,5.120002747
8/1/2023,15104,942412.6565,1229012.521,5.330001831
8/2/2023,15131,942491.9951,1202763.158,5.330001831
8/3/2023,15220,945393.2837,1241191.046,5.330001831
8/4/2023,15161,945432.9972,1255634.015,5.32749939
8/7/2023,15163,942583.9696,1242456.257,5.32749939
8/8/2023,15232,942269.8676,1263037.412,5.330001831
8/9/2023,15207.2002,936482.1202,1283487.72,5.330001831
8/10/2023,15207,935980.8758,1259443.735,5.32749939
8/11/2023,15259,938445.5599,1269396.247,5.330001831
8/14/2023,15317,940879.9597,1263805.703,5.330001831
8/15/2023,15347,938726.108,1242953.497,5.330001831
8/16/2023,15311.5,933404.1113,1215426.828,5.330001831
8/17/2023,15362,930555.8482,1234951.171,5.330001831
8/18/2023,15362.5,931573.9668,1248203.125,5.32749939
8/21/2023,15278,929986.5978,1233240.179,5.330001831
8/22/2023,15318.90039,934003.0246,1230873.623,5.330001831
8/23/2023,15317,944770.3474,1208358.121,5.330001831
8/24/2023,15294.09961,943210.2858,1208998.621,5.32749939
8/25/2023,15239,936333.6129,1216529.398,5.330001831
8/28/2023,15288,942686.6936,1224568.777,5.330001831
8/29/2023,15255.5,949805.5122,1238136.436,5.330001831
8/30/2023,15196.5,949943.1155,1240490.253,5.330001831
8/31/2023,15216,948177.8725,1272514.038,5.330001831
9/1/2023,15231,949896.1385,1303012.096,5.334999084
9/5/2023,15227,942988.6237,1320028.667,5.337501526
9/6/2023,15298,943401.6566,1339186.934,5.337501526
9/7/2023,15336,945449.226,1332238.362,5.337501526
9/8/2023,15342,946263.0628,1342578.453,5.337501526
9/11/2023,15318,947195.9795,1337108.234,5.337501526
9/12/2023,15339.09961,942582.7265,1362725.553,5.337501526
9/13/2023,15350.2002,942179.0737,1358799.67,5.334999084
9/14/2023,15353,942795.1838,1384226.536,5.334999084
9/15/2023,15395,952155.2477,1397404.098,5.332496643
9/18/2023,15346,952973.1059,1403852.132,5.332496643
9/19/2023,15377,955145.3695,1402382.353,5.332496643
9/20/2023,15384.5,962338.0914,1388912.641,5.32749939
9/21/2023,15361,947830.0014,1376806.388,5.330001831
9/22/2023,15400.5,953337.1831,1386506.996,5.330001831
9/25/2023,15368,946977.2992,1378202.245,5.330001831
9/26/2023,15405,941233.6996,1392457.941,5.330001831
9/27/2023,15493,932264.8069,1451384.245,5.330001831
9/28/2023,15569,931231.79,1427832.976,5.330001831
9/29/2023,15474,919430.2578,1404884.474,5.330001831
10/2/2023,15448,908895.7834,1372091.355,5.32749939
10/3/2023,15516,910202.8139,1384492.732,5.330001831
10/4/2023,15622,913357.2428,1315684.859,5.32749939
10/5/2023,15591,910592.3841,1283295.172,5.330001831
10/6/2023,15631,919763.224,1294090.504,5.330001831
10/9/2023,15603,927797.4665,1347787.097,5.330001831
10/10/2023,15691.40039,938855.6313,1348989.711,5.32749939
10/11/2023,15718.5,946440.3545,1312337.531,5.330001831
10/12/2023,15693,943139.0572,1301106.687,5.32749939
10/13/2023,15739,975303.3898,1380152.948,5.330001831
10/16/2023,15676,968224.2583,1358482.217,5.330001831
10/17/2023,15675,968968.8213,1358395.557,5.32749939
10/18/2023,15728.2002,988742.4441,1389114.636,5.330001831
10/19/2023,15807,1000353.632,1412671.633,5.330001831
10/20/2023,15856,1010642.532,1407220,5.330001831
10/23/2023,15868,1008244.383,1356555.286,5.330001831
10/24/2023,15874,1007962.126,1329288.726,5.330001831
10/25/2023,15868,1012223.654,1354968.51,5.330001831
10/26/2023,15877.5,1014412.115,1321166.76,5.330001831
10/27/2023,15920,1017844.024,1361796.815,5.330001831
10/30/2023,15903.5,1020675.034,1309017.046,5.330001831
10/31/2023,15843,1011189.185,1283599.807,5.32749939
11/1/2023,15748.7002,1001929.967,1266825.482,5.32749939
11/2/2023,15900,1015031.736,1311113.985,5.330001831
11/3/2023,15838,1014078.062,1275117.414,5.330001831
11/6/2023,15582.09961,992733.5575,1259345.286,5.32749939
11/7/2023,15570,984554.0457,1204650.943,5.330001831
11/8/2023,15643.59961,981512.8406,1178432.387,5.32749939
11/9/2023,15616,986157.3919,1182755.807,5.330001831
11/10/2023,15713.7002,976362.6799,1212626.215,5.330001831
11/13/2023,15683,980959.5865,1227351.614,5.330001831
11/14/2023,15667,988169.221,1226099.453,5.330001831
11/15/2023,15281,962987.6936,1171441.516,5.32749939
11/16/2023,15487.7998,987871.0245,1129060.629,5.330001831
11/17/2023,15475,985910.2552,1174397.741,5.32749939
11/20/2023,15399.40039,979162.9045,1194993.447,5.330001831
11/21/2023,15382.09961,988745.0769,1196265.835,5.330001831
11/22/2023,15501.2998,992469.941,1195150.191,5.330001831
11/24/2023,15495,997446.8546,1170492.314,5.32749939
11/27/2023,15560,1006433.641,1164821.609,5.330001831
11/28/2023,15466.5,1014259.466,1181795.322,5.330001831
11/29/2023,15259,1004282.429,1188065.749,5.330001831
11/30/2023,15407,1009565.043,1170315.706,5.330001831
12/1/2023,15549.2998,1035336.856,1151736.632,5.330001831
12/4/2023,15437.40039,1004608.541,1127547.739,5.330001831
12/5/2023,15519.90039,1007183.08,1122399.192,5.332496643
12/6/2023,15457,1009064.527,1072406.618,5.330001831
12/7/2023,15480,1010267.41,1073383.143,5.332496643
12/8/2023,15500,995825.253,1104065.052,5.332496643
12/11/2023,15560.2002,989537.3828,1109753.473,5.330001831
12/12/2023,15647,994956.7529,1073540.68,5.332496643
12/13/2023,15569,992249.408,1081578.449,5.330001831
12/14/2023,15275,997035.8402,1093384.528,5.330001831
12/15/2023,15468,1005107.927,1104879.245,5.330001831
12/18/2023,15282.7998,995628.7231,1107544.521,5.330001831
12/19/2023,15454.40039,1012820.105,1134971.202,5.332496643
12/20/2023,15455,1010921.52,1147070.119,5.332496643
12/21/2023,15518,1017337.387,1146625.011,5.330001831
12/22/2023,15440,1021159.211,1135766.362,5.32749939
12/26/2023,15460,1023028.638,1168312.195,5.330001831
12/27/2023,15400,1030792.628,1141294.009,5.330001831
12/28/2023,15373,1025031.369,1103320.158,5.330001831
12/29/2023,15425,1022795.457,1105201.274,5.330001831
1/2/2024,15383,1020999.685,1082655.498,5.330001831
1/3/2024,15498,1013584.672,1126704.553,5.32749939
1/4/2024,15555,1021363.424,1122915.488,5.330001831
1/5/2024,15511,1018524.178,1144866.872,5.330001831
1/8/2024,15477.5,1008462.106,1095342.623,5.32749939
1/9/2024,15495.5,1009535.312,1119394.887,5.32749939
1/10/2024,15534.5,1009728.741,1108697.308,5.330001831
1/11/2024,15555,1007360.498,1120271.048,5.330001831
1/12/2024,15556.5,1023662.539,1130646.425,5.32749939
1/16/2024,15546,1012625.46,1125530.424,5.32749939
1/17/2024,15625,1006016.192,1133749.962,5.32749939
1/18/2024,15624,1013988.973,1157425.949,5.32749939
1/19/2024,15613.09961,1017247.138,1146157.7,5.330001831
1/22/2024,15601,1013098.222,1173039.228,5.330001831
1/23/2024,15655.5,1018600.305,1164299.578,5.330001831
1/24/2024,15715,1017520.179,1180039.292,5.330001831
1/25/2024,15714.5,1019003.502,1215673.73,5.330001831
1/26/2024,15808,1025015.679,1233182.114,5.32749939
1/29/2024,15767.59961,1026654.298,1210636.279,5.330001831
1/30/2024,15828,1033793.046,1231734.955,5.330001831
1/31/2024,15785,1039561.222,1197292.226,5.330001831
2/1/2024,15769,1040839.68,1164067.575,5.319999695
2/2/2024,15726,1029456.756,1136675.261,5.319999695
2/5/2024,15727.2002,1024276.646,1144625.611,5.322502136
2/6/2024,15711.5,1027699.351,1151810.027,5.322502136
2/7/2024,15733,1029459.734,1162039.39,5.322502136
2/8/2024,15647,1022323.296,1192614.359,5.322502136
2/9/2024,15660.2998,1018711.25,1203337.38,5.324996948
2/12/2024,15598,1012100.98,1199798.131,5.324996948
2/13/2024,15579.5,998228.0428,1213175.708,5.32749939
2/14/2024,15661.5,1002172.881,1200297.35,5.330001831
2/15/2024,15553.09961,1001136.861,1213608.344,5.330001831
2/16/2024,15672,1013526.709,1241065.718,5.330001831
2/20/2024,15634,1019111.515,1222266.125,5.330001831
2/21/2024,15661,1018253.285,1220148.567,5.330001831
2/22/2024,15642,1015710.342,1229617.63,5.330001831
2/23/2024,15588,1021675.902,1192326.087,5.32749939
2/26/2024,15586.09961,1016490.204,1209169.636,5.330001831
2/27/2024,15638.5,1022672.979,1233408.538,5.330001831
2/28/2024,15653,1023117.945,1229386.634,5.330001831
2/29/2024,15712.2002,1033402.902,1229636.821,5.330001831
3/1/2024,15704,1053665.217,1255848.899,5.32749939
3/4/2024,15691.90039,1068392.197,1235580.203,5.32749939
3/5/2024,15766,1081446.172,1232112.924,5.32749939
3/6/2024,15751.5,1088959.481,1246416.152,5.324996948
3/7/2024,15668,1087065.571,1236675.245,5.32749939
3/8/2024,15621,1094150.566,1218594.243,5.324996948
3/11/2024,15536.2998,1090165.876,1210743.849,5.32749939
3/12/2024,15518,1077855.73,1203576.042,5.330001831
3/13/2024,15546,1087297.792,1239327.139,5.330001831
3/14/2024,15574,1083047.31,1265543.273,5.330001831
3/15/2024,15630,1084077.347,1266655.214,5.330001831
3/18/2024,15639.2998,1086431.891,1293682.899,5.330001831
3/19/2024,15743,1091408.738,1314068.229,5.330001831
3/20/2024,15718,1090484.051,1283846.245,5.330001831
3/21/2024,15687,1100689.867,1271745.085,5.330001831
3/22/2024,15723.5,1090966.833,1267785.762,5.32749939
3/25/2024,15802.59961,1104939.779,1295022.99,5.330001831
3/26/2024,15784,1104045.266,1288290.123,5.330001831
3/27/2024,15828,1114756.164,1287607.776,5.332496643
3/28/2024,15877,1131887.352,1320490.061,5.332496643
4/1/2024,15848,1139551.883,1326636.065,5.330001831
4/2/2024,15945.7998,1159144.577,1357784.878,5.32749939
4/3/2024,15955,1176946.339,1363035.655,5.330001831
4/4/2024,15936,1172675.666,1379898.182,5.324996948
4/5/2024,15904.5,1189226.128,1382260.153,5.32749939
4/8/2024,15881,1190532.478,1372594.835,5.32749939
4/9/2024,15918,1199345.186,1356691.193,5.330001831
4/10/2024,15892.2998,1190306.659,1370075.152,5.330001831
4/11/2024,15998.2002,1211200.109,1360166.927,5.330001831
4/12/2024,16007,1212586.771,1371159.679,5.32749939
4/15/2024,16111,1225437.799,1376040.569,5.32749939
4/16/2024,16075,1235620.132,1372162.01,5.32749939
4/17/2024,16312.2002,1243835.723,1348855.874,5.330001831
4/18/2024,16246,1244324.484,1344031.635,5.330001831
4/19/2024,16220,1250728.902,1348530.79,5.330001831
4/22/2024,16210.2998,1215479.3,1343023.314,5.330001831
4/23/2024,16246,1215805.726,1354266.57,5.330001831
4/24/2024,16140.2002,1206227.446,1336569.939,5.330001831
4/25/2024,16220,1214955.127,1355505.395,5.32749939
4/26/2024,16202,1216211.371,1358537.675,5.330001831
4/29/2024,16203,1221808.305,1338853.845,5.330001831
4/30/2024,16246,1196845.462,1331034.785,5.330001831
5/1/2024,16273,1203281.66,1285567,5.32749939
5/2/2024,16190.40039,1196809.613,1278232.061,5.32749939
5/3/2024,16097,1189801.887,1257336.68,5.32749939
5/6/2024,16077,1200005.297,1261723.014,5.32749939
5/7/2024,16034,1193496.424,1256744.876,5.330001831
5/8/2024,16073,1195572.664,1269606.236,5.330001831
5/9/2024,16074,1205207.677,1274025.274,5.330001831
5/10/2024,16030,1220049.827,1254507.834,5.330001831
5/13/2024,16038,1204570.976,1268926.604,5.32749939
5/14/2024,16121,1219771.403,1257760.366,5.330001831
5/15/2024,16102,1236608.311,1266100.216,5.32749939
5/16/2024,15914,1217718.906,1260866.273,5.32749939
5/17/2024,15930.7998,1235496.793,1275419.793,5.32749939
5/20/2024,15958,1248739.68,1273448.449,5.32749939
5/21/2024,16031,1248164.095,1270617.094,5.330001831
5/22/2024,16005,1229416.15,1241507.845,5.330001831
5/23/2024,16040.7002,1204206.438,1233048.668,5.32749939
5/24/2024,16095,1206989.165,1250903.42,5.330001831
5/28/2024,16071,1216918.302,1282947.959,5.330001831
5/29/2024,16117,1212680.756,1276949.964,5.330001831
5/30/2024,16232.09961,1222697.915,1264642.94,5.330001831
5/31/2024,16228,1211954.269,1249393.685,5.330001831
6/3/2024,16243,1225451.328,1205555.48,5.32749939
6/4/2024,16203,1211441.687,1186869.75,5.32749939
6/5/2024,16276,1231865.648,1205563.315,5.32749939
6/6/2024,16315,1243314.91,1232598.3,5.324996948
6/7/2024,16241.7002,1203734.837,1226735.596,5.32749939
6/10/2024,16270,1207139.975,1264829.765,5.330001831
6/11/2024,16312,1210151.269,1270704.825,5.330001831
6/12/2024,16305.40039,1224602.225,1279973.931,5.330001831
6/13/2024,16230,1200258.659,1276002.645,5.330001831
6/14/2024,16286,1220736.535,1277636.65,5.330001831
6/17/2024,16479.90039,1225203.596,1323830.429,5.32749939
6/18/2024,16479,1234673.268,1344192.025,5.330001831
6/20/2024,16380.90039,1239647.118,1346018.555,5.330001831
6/21/2024,16491.90039,1228216.646,1331391.174,5.332496643
6/24/2024,16443,1231764.592,1342242.045,5.330001831
6/25/2024,16394.09961,1221038.557,1325135.101,5.330001831
6/26/2024,16401,1212377.334,1326840.925,5.332496643
6/27/2024,16434,1228184.384,1343315.125,5.332496643
6/28/2024,16374.40039,1225414.857,1335168.623,5.332496643
7/1/2024,16343,1223012.471,1362679.295,5.32749939
7/2/2024,16390,1224105.647,1357255.86,5.330001831
7/3/2024,16391,1243573.315,1374877.035,5.330001831
7/5/2024,16328.5,1253898.187,1357878.12,5.32749939
7/8/2024,16245,1230093.822,1337450.88,5.330001831
7/9/2024,16277.2002,1235096.429,1325126.928,5.330001831
7/10/2024,16277,1241413.301,1336341.675,5.32749939
7/11/2024,16198,1257677.432,1338278.804,5.330001831
7/12/2024,16104,1249861.141,1323909.825,5.330001831
7/15/2024,16108,1254780.704,1319406.339,5.330001831
7/16/2024,16195,1282124.726,1307908.235,5.330001831
7/17/2024,16173,1276431.308,1339933.025,5.330001831
7/18/2024,16138,1272112.437,1336549.155,5.330001831
7/19/2024,16185,1246521.051,1296904.006,5.330001831
7/22/2024,16206,1246314.788,1292914.66,5.330001831
7/23/2024,16220.2002,1253977.687,1248306.592,5.330001831
7/24/2024,16222,1258654.28,1258664.921,5.330001831
7/25/2024,16246,1228445.86,1271736.86,5.330001831
7/26/2024,16337.7998,1250147.525,1260624.693,5.330001831
7/29/2024,16283,1244540.862,1234414.19,5.330001831
7/30/2024,16301.7002,1260488.015,1218226.11,5.330001831
7/31/2024,16328.5,1273847.164,1272153.495,5.330001831
8/1/2024,16255,1272555.339,1240419.01,5.315002441
8/2/2024,16281,1269722.729,1196979.065,5.300003052
8/5/2024,16012,1236388.819,1167915.319,5.292503357
8/6/2024,16208,1244957.461,1186425.551,5.309997559
8/7/2024,16152.2998,1241406.037,1215137.569,5.3125
8/8/2024,16023,1247798.795,1220792.409,5.317497253
8/9/2024,15979,1249458.339,1227826.301,5.322502136
8/12/2024,15918,1260195.208,1274395.041,5.319999695
8/13/2024,15949.09961,1264862.258,1249611.93,5.322502136
8/14/2024,15749,1235169.967,1212358.073,5.324996948
8/15/2024,15619.5,1231893.42,1220820.177,5.32749939
8/16/2024,15755,1265627.487,1207620.774,5.32749939
8/19/2024,15683,1261457.076,1166344.753,5.330001831
8/20/2024,15523,1253328.746,1149322.934,5.32749939
8/21/2024,15442,1245348.957,1110743.065,5.330001831
8/22/2024,15484,1234050.383,1130486.873,5.330001831
8/23/2024,15728.5,1268454.285,1176963.684,5.330001831
8/26/2024,15377.2002,1244720.889,1190502.811,5.330001831
8/27/2024,15462.59961,1250788.516,1167890.13,5.330001831
8/28/2024,15467.09961,1243693.35,1152608.211,5.330001831
8/29/2024,15440,1253775.532,1172050.457,5.330001831
8/30/2024,15444.7998,1238325.028,1135965.073,5.330001831
9/3/2024,15520.09961,1242416.272,1091683.75,5.192497253
9/4/2024,15532.90039,1245188.88,1074876.66,5.184997559
9/5/2024,15444.40039,1247032.187,1067980.311,5.190002441
9/6/2024,15417,1235947.385,1043268.362,5.20249939
9/9/2024,15405,1239096.235,1058477.536,5.20249939
9/10/2024,15456.7998,1248480.682,1016284.587,5.199996948
9/11/2024,15489,1250981.993,1042564.552,5.220001221
9/12/2024,15437,1266187.845,1064689.909,5.207496643
9/13/2024,15418.7002,1279608.133,1058493.792,5.1875
9/16/2024,15393,1277029.778,1078895.314,5.17250061
9/17/2024,15385,1268402.471,1095258.188,5.17250061
9/18/2024,15345,1268262.117,1088114.006,5.129997253
9/19/2024,15300.2002,1273069.529,1100849.357,5.129997253
9/20/2024,15197.59961,1280119.271,1093011.336,5.129997253
9/23/2024,15154,1279662.45,1066387.022,5.129997253
9/24/2024,15174.09961,1293409.814,1085858.531,5.127502441
9/25/2024,15121.09961,1292781.434,1053789.469,5.129997253
9/26/2024,15201.5,1304884.767,1028685.477,5.129997253
9/27/2024,15070,1281193.491,1027472.605,5.129997253
9/30/2024,15118,1281288.642,1030594.032,5.129997253
10/1/2024,15170.59961,1300964.235,1059362.999,4.822502136
10/2/2024,15260.59961,1298771.351,1069768.009,4.819999695
10/3/2024,15324,1309093.893,1129532.026,4.822502136
10/4/2024,15457,1314840.174,1149691.618,4.822502136
10/7/2024,15650,1330754.441,1207240.99,4.824996948
10/8/2024,15744,1323663.253,1158286.075,4.824996948
10/9/2024,15682.40039,1313946.515,1148578.971,4.82749939
10/10/2024,15664.59961,1319808.101,1188159.856,4.82749939
10/11/2024,15670.90039,1338980.707,1184093.195,4.82749939
10/14/2024,15562,1324772.593,1148942.488,4.830001831
10/15/2024,15573,1332518.227,1099142.369,4.830001831
10/16/2024,15578.59961,1339308.289,1096577.617,4.830001831
10/17/2024,15583.90039,1348281.574,1101314.212,4.830001831
10/18/2024,15493,1351724.19,1072425.479,4.830001831
10/21/2024,15467,1354130.217,1091351.482,4.830001831
10/22/2024,15556,1372474.945,1121431.983,4.830001831
10/23/2024,15586,1360188.946,1103021.168,4.830001831
10/24/2024,15663,1377232.053,1099386.008,4.82749939
10/25/2024,15621.5,1376596.455,1121311.251,4.830001831
10/28/2024,15688.09961,1383474.107,1057064.109,4.830001831
10/29/2024,15747,1401578.384,1058355.856,4.830001831
10/30/2024,15768,1413637.308,1081842.49,4.82749939
10/31/2024,15695.5,1381805.534,1087070.364,4.830001831
11/1/2024,15713,1383497.784,1091896.336,4.642501831
11/4/2024,15842,1393582.643,1132227.759,4.642501831
11/5/2024,15790,1391140.475,1136722.066,4.642501831
11/6/2024,15665,1343512.966,1123023.888,4.642501831
11/7/2024,15818.2002,1372315.973,1144604.976,4.635002136
11/8/2024,15558,1344290.032,1094971.997,4.635002136
11/11/2024,15647.2002,1313613.207,1064635.516,4.63999939
11/12/2024,15765,1317825.968,1073911.843,4.63999939
11/13/2024,15788.90039,1310077.48,1080434.459,4.637496948
11/14/2024,15847.2002,1308495.146,1088702.605,4.637496948
11/15/2024,15933.2998,1314323.678,1067849.699,4.637496948
11/18/2024,15891.2998,1333799.374,1099042.353,4.637496948
11/19/2024,15806.09961,1335033.222,1096785.242,4.63999939
11/20/2024,15817.09961,1346692.25,1089323.694,4.63999939
11/21/2024,15913,1367085.018,1115501.276,4.63999939
11/22/2024,15816.90039,1378051.243,1126795.95,4.63999939
11/25/2024,15940,1341064.278,1098903.639,4.63999939
11/26/2024,15901.2002,1339589.295,1093525.484,4.63999939
11/27/2024,15930,1352053.802,1094709.619,4.637496948
11/29/2024,15878,1356369.733,1079704,4.63999939
12/2/2024,15829,1340936.89,1077954.876,4.517501831
12/3/2024,15910,1352811.62,1112745.439,4.504997253
12/4/2024,15940,1360026.131,1092527.615,4.502502441
12/5/2024,15906.59961,1343266.066,1086420.802,4.502502441
12/6/2024,15839.7998,1343736.149,1064434.499,4.489997864
12/9/2024,15825.7998,1355930.116,1082009.976,4.492500305
12/10/2024,15864,1375881.427,1088111.702,4.492500305
12/11/2024,15908,1398212.136,1118173.335,4.480003357
12/12/2024,15963,1379284.084,1117729.206,4.480003357
12/13/2024,15967.40039,1363493.351,1138315.988,4.482498169
12/16/2024,16025.7998,1366110.053,1133184.29,4.480003357
12/17/2024,15955,1356484.011,1118126.429,4.480003357
12/18/2024,15926.2002,1349990.413,1124071.239,4.472503662
12/19/2024,16145.2998,1345567.07,1128717.968,4.474998474
12/20/2024,15981.2998,1350653.207,1110061.07,4.474998474
12/23/2024,16159.2998,1357176.513,1118869.884,4.474998474
12/24/2024,16217.59961,1366087.771,1136853.708,4.477500916
12/26/2024,15069.40039,1278477.808,1049131.697,4.477500916
12/27/2024,16189,1362221.294,1142943.375,4.477500916
12/30/2024,16178,1355522.285,1148476.185,4.474998474
12/31/2024,16085.59961,1359726.645,1153659.224,4.474998474
1/2/2025,16230.5,1387473.27,1186936.42,4.32749939
1/3/2025,16201.09961,1377719.821,1198233.312,4.330001831
1/6/2025,16178.7998,1372390.368,1190112.474,4.330001831
1/7/2025,16179.09961,1381934.932,1201298.146,4.330001831
1/8/2025,16157.7002,1384159.087,1184682.573,4.32749939
1/9/2025,16187.59961,1396765.014,1196587.333,4.330001831
1/10/2025,16237,1413921.729,1243267.085,4.32749939
1/13/2025,16268,1398315.238,1282243.755,4.330001831
1/14/2025,16295.2002,1402748.839,1262878.015,4.330001831
1/15/2025,16320,1423248.188,1306252.815,4.330001831
1/16/2025,16360.7998,1444638.031,1287267.734,4.330001831
1/17/2025,16368.7998,1444239.333,1274802.084,4.330001831
1/21/2025,16245,1438904.786,1232833.04,4.330001831
1/22/2025,16330.7998,1453120.168,1231995.577,4.32749939
1/23/2025,16232.7998,1442051.561,1211291.566,4.32749939
1/24/2025,16230.90039,1449292.859,1211799.083,4.330001831
1/27/2025,16164.90039,1422714.962,1182785.732,4.330001831
1/28/2025,16155.59961,1437115.237,1191798.529,4.330001831
1/29/2025,15881.2002,1413880.528,1153292.802,4.32749939
1/30/2025,16238,1473785.072,1180989.795,4.330001831
1/31/2025,16274.5,1471603.879,1180389.465,4.32749939
2/3/2025,16341.2998,1488887.357,1195529.554,4.324996948
2/4/2025,16320,1497125.944,1186463.95,4.324996948
2/5/2025,16299.09961,1504798.368,1157725.025,4.32749939
2/6/2025,16298.09961,1496531.66,1150808.823,4.330001831
2/7/2025,16327,1505117.041,1159217,4.330001831
2/10/2025,16314.7002,1528636.056,1179879.113,4.330001831
2/11/2025,16330.09961,1529133.863,1197322.898,4.32749939
2/12/2025,16343.2998,1528530.845,1166421.352,4.32749939
2/13/2025,16375,1540392.911,1167373.765,4.330001831
2/14/2025,16219,1503660.681,1147332.025,4.32749939
2/18/2025,16220,1528784.657,1165406.975,4.32749939
2/19/2025,16317,1531526.941,1178903.25,4.32749939
2/20/2025,16346.40039,1545112.838,1186258.271,4.32749939
2/21/2025,16245.09961,1534284.122,1143655.037,4.330001831
2/24/2025,16278,1542781.829,1150854.55,4.330001831
2/25/2025,16279.2998,1520189.891,1122132.141,4.330001831
2/26/2025,16314,1529881.717,1119466.725,4.330001831
2/27/2025,16367.40039,1517208.289,1151446.593,4.330001831
2/28/2025,16553.69922,1509782.975,1154786.093,4.330001831
3/3/2025,16522,1535257.562,1129609.185,4.322502136
3/4/2025,16451.19922,1538939.697,1122958.894,4.324996948
3/5/2025,16379,1535187.342,1086091.45,4.32749939
3/6/2025,16268.90039,1525547.815,1079604.24,4.319999695
3/7/2025,16322.09961,1524291.541,1094233.573,4.330001831
3/10/2025,16292.59961,1514360.296,1075800.332,4.32749939
3/11/2025,16324,1528772.582,1081465,4.32749939
3/12/2025,16433.90039,1552908.137,1112246.383,4.330001831
3/13/2025,16305.59961,1564479.937,1085137.704,4.330001831
3/14/2025,16259.2998,1565369.597,1092299.766,4.330001831
3/17/2025,16321,1574195.83,1102973.21,4.32749939
3/18/2025,16370,1597395.425,1095153.025,4.330001831
3/19/2025,16514.5,1611920.489,1109113.88,4.330001831
3/20/2025,16330.2998,1596094.054,1114706.3,4.32749939
3/21/2025,16428.5,1594177.437,1121737.96,4.32749939
3/24/2025,16519,1600250.792,1141628.1,4.32749939
3/25/2025,16575.80078,1611402.19,1143730.254,4.332496643
3/26/2025,16621,1614299.911,1157652.675,4.32749939
3/27/2025,16629,1636088.06,1162699.65,4.330001831
3/28/2025,16560.90039,1643391.228,1148664.061,4.330001831
3/31/2025,16575,1664134.609,1184781.056,4.332496643
4/1/2025,16652,1669777.394,1185622.349,4.32749939
4/2/2025,16731.40039,1689035.718,1199808.707,4.330001831
4/3/2025,16739,1666715.418,1120675.999,4.322502136
4/4/2025,16739.80078,1621048.434,1037700.279,4.315002441
4/7/2025,16738,1588209.051,1015996.613,4.305000305
4/8/2025,16855.69922,1608643.912,1004262.59,4.294998169
4/9/2025,17051.90039,1675667.804,1063185.963,4.322502136
4/10/2025,16805.5,1704782.831,1009506.38,4.3125
4/11/2025,16833.80078,1743915.381,1035278.748,4.319999695
4/14/2025,16788,1729779.067,1032965.62,4.324996948
4/15/2025,16780,1736453.62,1029117.431,4.32749939
4/16/2025,16813.5,1798247.488,1050339.366,4.32749939
4/17/2025,16794.59961,1786560.706,1086274.708,4.330001831
4/22/2025,16814.90039,1838510.588,1081366.203,4.330001831
4/23/2025,16858.09961,1775754.901,1049753.87,4.330001831
4/24/2025,16846,1804648.094,1057760.355,4.330001831
4/25/2025,16778.5,1770660.754,1057381.078,4.330001831
4/28/2025,16823,1802454.627,1043867.137,4.330001831
4/29/2025,16795,1792057.062,1014753.869,4.330001831
4/30/2025,16711.90039,1775775.42,972799.7064,4.330001831
5/1/2025,16545.90039,1707600.117,980179.1669,4.315002441
5/2/2025,16606,1725494.873,967963.7552,4.324996948
5/5/2025,16460,1752342.945,940359.8176,4.32749939
5/6/2025,16421.5,1801093.237,970346.4375,4.32749939
5/7/2025,16432,1786395.846,954206.235,4.330001831
5/8/2025,16492.59961,1748018.888,988071.6401,4.330001831
5/9/2025,16538.30078,1773493.234,1009167.121,4.330001831
5/12/2025,16543,1712619.48,1024838.863,4.32749939
5/13/2025,16688.80078,1738605.687,1062575.915,4.32749939
5/14/2025,16599.40039,1697858.144,1048252.16,4.32749939
5/15/2025,16558.19922,1714565.609,1020316.218,4.32749939
5/16/2025,16511.80078,1689216.65,1031822.459,4.330001831
5/19/2025,16487,1711539.624,1033570.007,4.330001831
5/20/2025,16428,1732562.869,1027735.703,4.330001831
5/21/2025,16403,1745219.95,1009932.705,4.330001831
5/22/2025,16347.59961,1730390.567,1000473.109,4.330001831
5/23/2025,16356.90039,1768870.762,1006440.061,4.330001831
5/27/2025,16243.5,1722922.901,989066.7051,4.330001831
5/28/2025,16279,1723809.732,1006693.362,4.330001831
5/29/2025,16286,1736855.73,992468.8176,4.330001831
5/30/2025,16293,1722830.103,990451.4849,4.330001831
6/2/2025,16322,1768769.907,1020451.447,4.324996948
6/3/2025,16288.5,1754456.312,1032853.783,4.324996948
6/4/2025,16332.40039,1771419.703,1026491.34,4.32749939
6/5/2025,16291.5,1755041.338,1032392.338,4.32749939
6/6/2025,16246.40039,1735557.535,1049192.567,4.330001831
6/9/2025,16309,1747173.807,1064814.625,4.330001831
6/10/2025,16278.7998,1738076.573,1057796.466,4.330001831
6/11/2025,16247.7998,1734975.751,1107287.581,4.330001831
6/12/2025,15778,1715042.958,1073535.134,4.330001831
6/13/2025,16164.5,1783195.834,1179685.264,4.32749939
6/16/2025,16282.59961,1778006.325,1168602.119,4.330001831
6/17/2025,15801,1720438.798,1182546.782,4.330001831
6/18/2025,16275,1773723.079,1222903.49,4.330001831
6/20/2025,16390,1774821.502,1228102.705,4.330001831
6/23/2025,16431,1784332.564,1125687.845,4.330001831
6/24/2025,16370,1745971.881,1053736.945,4.330001831
6/25/2025,16290,1742519.671,1057546.77,4.330001831
6/26/2025,16290,1745871.526,1062759.565,4.330001831
6/27/2025,16222.7998,1707479.188,1062917.789,4.330001831
6/30/2025,16229,1718932.468,1056670.2,4.330001831
7/1/2025,16230,1741110.814,1062253.45,4.330001831
7/2/2025,16236.40039,1747696.192,1095145.157,4.32749939
7/3/2025,16235,1738985.246,1087745,4.330001831
7/4/2025,16203.7002,1736101.432,1077546.063,4.330001831
7/7/2025,16178,1733191.789,1098971.545,4.330001831
7/8/2025,16318.90039,1735065.301,1115070.494,4.330001831
7/9/2025,16261,1731314.135,1111927.135,4.330001831
7/10/2025,16235,1731573.212,1080763.945,4.32749939
7/11/2025,16209.09961,1748926.593,1109512.819,4.32749939
7/14/2025,16222,1747971.547,1086549.614,4.330001831
7/15/2025,16256.2002,1740315.277,1081362.382,4.330001831
7/16/2025,16252.09961,1751737.391,1078814.327,4.330001831
7/17/2025,16271.2002,1747309.382,1098956.876,4.330001831
7/18/2025,16329.7002,1760364.099,1099641.951,4.330001831
7/21/2025,16321,1785085.547,1096771.15,4.330001831
7/22/2025,16329.5,1805597.942,1081176.18,4.330001831
7/23/2025,16245.2998,1772732.125,1060005.812,4.330001831
7/24/2025,16266.09961,1762921.272,1074050.537,4.330001831
7/25/2025,16307,1747955.632,1062564.18,4.330001831
7/28/2025,16353,1739795.004,1090908.615,4.330001831
7/29/2025,16398.80078,1752207.08,1134960.987,4.32749939
7/30/2025,16367.90039,1734381.24,1145753.027,4.332496643
7/31/2025,16426.80078,1739249.266,1137720.257,4.330001831
8/1/2025,16483,1774081.319,1109800.42,4.322502136
8/4/2025,16483,1788230.7,1092658.085,4.322502136
8/5/2025,16362,1779048.86,1066147.98,4.32749939
8/6/2025,16377.5,1779733.792,1053892.1,4.32749939
8/7/2025,16334.7002,1785743.787,1043460.666,4.324996948
8/8/2025,16300,1802283.717,1041244.017,4.32749939
8/11/2025,16249,1751716.8,1039286.025,4.330001831
8/12/2025,16298,1754798.354,1029544.63,4.330001831
8/13/2025,16248.2002,1754555.893,1017949.767,4.330001831
8/14/2025,16109,1727353.385,1030331.625,4.330001831
8/15/2025,16169,1734203.032,1015413.188,4.32749939
8/18/2025,16196,1734859.82,1027150.29,4.330001831
8/19/2025,16205.40039,1726332.151,1010406.69,4.330001831
8/20/2025,16275.2002,1749465.582,1028755.389,4.330001831
8/21/2025,16263.59961,1744819.842,1033063.855,4.330001831
8/22/2025,16339.7002,1772684.191,1040185.312,4.330001831
8/25/2025,16227,1760144.466,1051509.65,4.332496643
8/26/2025,16267,1772223.634,1028887.75,4.32749939
8/27/2025,16299.2002,1784116.211,1045593.717,4.330001831
8/28/2025,16314,1800002.765,1053884.375,4.330001831
8/29/2025,16344.2998,1825363.494,1046198.665,4.330001831
9/2/2025,16405.19922,1872091.967,1076016.957,4.230003357
9/3/2025,16443.90039,1899664.735,1051916.328,4.224998474
9/4/2025,16463,1887368.502,1045071.232,4.227500916
9/5/2025,16452.09961,1911190.879,1017891.385,4.212501526
9/8/2025,16392,1917332.03,1020565.892,4.214996338
9/9/2025,16446.09961,1926409.424,1030019.236,4.214996338
9/10/2025,16449.90039,1927013.316,1047365.128,4.214996338
9/11/2025,16439,1922195.171,1025300.412,4.214996338
9/12/2025,16413.59961,1925821.493,1028968.537,4.214996338
9/15/2025,16401,1941638.767,1038183.287,4.217498779
9/16/2025,16364.59961,1940854.563,1055843.912,4.220001221
9/17/2025,16398.09961,1941084.571,1050298.33,4.222503662
9/18/2025,16418.59961,1923399.315,1043730.372,4.224998474
9/19/2025,16569.09961,1955839.35,1038551.169,4.222503662
9/22/2025,16637,2000868.876,1042141.67,4.222503662
9/23/2025,16582,2015525.932,1051464.617,4.224998474
9/24/2025,16633,1995788.928,1080978.634,4.224998474
9/25/2025,16695.09961,2005816.583,1084847.629,4.224998474
9/26/2025,16759.09961,2034196.459,1101408.047,4.227500916
9/29/2025,16723,2054331.798,1061074.363,4.224998474
9/30/2025,16628,2053300.214,1037088.342,4.224998474
10/1/2025,16683,2074412.928,1030675.72,4.07749939
10/2/2025,16644.09961,2054699.582,1006635.137,4.080001831
10/3/2025,16601.5,2071377.884,1010699.338,4.080001831
10/6/2025,16558,2101990.548,1021462.997,4.080001831
10/7/2025,16596.5,2121871.928,1024501.937,4.07749939
10/8/2025,16587,2156227.367,1037516.837,4.080001831
10/9/2025,16556,2100565.647,1018359.532,4.084999084
10/10/2025,16577.69922,2119095.044,976426.5093,4.084999084
10/13/2025,16598,2192503.88,987415.0479,4.084999084
10/14/2025,16548,2201913.316,971367.6126,4.082496643
10/15/2025,16585.90039,2227326.369,966460.4234,4.092498779
10/16/2025,16575,2280911.095,952399.4848,4.087501526
10/17/2025,16561.90039,2231025.603,952971.7636,4.087501526
10/20/2025,16566,2309605.054,952876.3276,4.087501526
10/21/2025,16542,2173991.113,956458.435,4.089996338
10/22/2025,16598.90039,2158361.314,971035.6729,4.087501526
10/23/2025,16596.59961,2201336.56,1025503.905,4.089996338
10/24/2025,16593.80078,2197177.408,1020518.748,4.089996338
10/27/2025,16597.80078,2135539.001,1017611.189,4.087501526
10/28/2025,16158.2002,2060432.197,971915.7664,4.084999084
10/29/2025,16561.7793,2121213.348,1001656.404,4.089996338
10/30/2025,16562,2130613.32,1003160.335,4.089996338
10/31/2025,16150,2067694.286,984826.9926,4.087501526
11/3/2025,16630,2138826.493,1015261.487,3.879997253
11/4/2025,16640.90039,2112086.474,1007772.951,3.875
11/5/2025,16707,2137986.815,995737.1745,3.877502441
11/6/2025,16669,2132909.527,990638.6751,3.872497559
11/7/2025,16694.09961,2146587.373,997472.4517,3.872497559
11/10/2025,16653,2201482.217,1001344.908,3.875
11/11/2025,16690,2203690.541,1018757.615,3.877502441
11/12/2025,16694.90039,2256724.728,976484.7519,3.877502441
11/13/2025,16729,2251921.76,981824.987,3.875
11/14/2025,16719,2197199.223,1004644.713,3.875
11/17/2025,16679.5,2181658.356,999268.8425,3.879997253
11/18/2025,16738.90039,2185660.68,1016720.838,3.879997253
11/19/2025,16727.69922,2193018.094,994294.4186,3.877502441
11/20/2025,16686.69922,2176269.403,986851.3816,3.879997253
11/21/2025,16731,2192912.916,971401.883,3.879997253
11/24/2025,16639,2188985.885,979038.7625,3.877502441
11/25/2025,16645,2215087.924,964577.7627,3.875
11/26/2025,16633.5,2227461.779,975554.8004,3.875
11/28/2025,16603.90039,2251843.997,972158.3552,3.877502441
12/1/2025,16635,2267293.142,986788.1949,3.739997864
12/2/2025,16609,2235608.244,973951.7499,3.73500061
12/3/2025,16609.90039,2242511.34,979153.6407,3.730003357
12/4/2025,16594,2247033.484,990163.9496,3.732498169
12/5/2025,16654.40039,2255801.494,1000596.406,3.737503052
12/8/2025,16683,2245890.683,982295.0578,3.732498169
12/9/2025,16686,2256755.653,971959.5,3.730003357
12/10/2025,16662,2247991.871,974060.5047,3.722503662
12/11/2025,16639,2292553.394,958406.3746,3.722503662
12/12/2025,16649,2301746.316,956318.5371,3.722503662
12/15/2025,16623.09961,2301692.939,944524.5147,3.722503662
12/16/2025,16645.80078,2303658.735,920013.4168,3.724998474
12/17/2025,16644.59961,2326503.345,931098.8793,3.724998474
12/18/2025,16657,2323952.337,935290.5754,3.722503662
12/19/2025,16685.19922,2339634.647,945383.3852,3.724998474
12/22/2025,16678.5,2383309.362,967519.757,3.724998474
12/23/2025,16756.40039,2415020.445,978238.6727,3.722503662
12/24/2025,16735,2410752.572,976487.2245,3.722503662
12/26/2025,16753.09961,2439483.18,950570.9,3.722503662
12/29/2025,16741.09961,2327935.17,972323.096,3.722503662
12/30/2025,16770,2356216.459,971821.5128,3.722503662
12/31/2025,16709,2323740.159,959430.7494,3.722503662
1/2/2026,16668,2312036.188,955409.7549,3.632499695
1/5/2026,16683,2379822.241,972952.5549,3.632499695
1/6/2026,16727.19922,2410489.353,955624.9092,3.63999939
1/7/2026,16742,2394913.027,937384.6081,3.637496948
1/8/2026,16753,2396702.216,967653.2519,3.63999939
1/9/2026,16805.69922,2426178.016,993552.9199,3.63999939
1/12/2026,16826.69922,2490882.631,1001188.604,3.63999939
1/13/2026,16859.40039,2487538.816,1030952.36,3.63999939
1/14/2026,16840.80078,2504881.874,1044466.472,3.63999939
1/15/2026,16845.09961,2500105.456,997061.4227,3.63999939
1/16/2026,16878.90039,2489981.671,1003281.816,3.63999939
1/20/2026,16939,2592083.401,1022099.263,3.637496948
1/21/2026,16960.09961,2634681.177,1028121.22,3.63999939
1/22/2026,16897,2666709.222,1003005.93,3.63999939
1/23/2026,16820,2691005.427,1027197.395,3.63999939
1/26/2026,16770,2738809.853,1016765.118,3.63999939
1/27/2026,16734,2733037.921,1044034.25,3.63999939
1/28/2026,16674.69922,2842207.051,1054007.722,3.637496948
1/29/2026,16722.80078,2859438.393,1094005.596,3.63999939
1/30/2026,16778.30078,2542840.208,1094112.979,3.63999939
2/2/2026,16758.40039,2490578.417,1041366.99,3.637496948
2/3/2026,16758.40039,2642087.587,1059298.473,3.635002136
2/4/2026,16759,2651180.155,1091681.25,3.63999939
2/5/2026,16800,2625798.33,1063272.015,3.635002136
2/6/2026,16879.90039,2687021.271,1072717.657,3.637496948
2/9/2026,16843.5,2735217.339,1084047.67,3.63999939
2/10/2026,16796,2702069.591,1074272.145,3.637496948
2/11/2026,16778,2735746.988,1084362.094,3.637496948
2/12/2026,16793.90039,2658483.149,1055328.703,3.637496948
2/13/2026,16809,2713996.753,1057118,3.63999939
2/17/2026,16806.59961,2638447.236,1047555.384,3.63999939
2/18/2026,16840,2699781.697,1097799.641,3.637496948
2/19/2026,16915.30078,2706089.138,1123683.436,3.63999939
2/20/2026,16887.19922,2746874.265,1121141.146,3.63999939
2/23/2026,16843.40039,2818488.251,1116885.839,3.63999939
2/24/2026,16804.30078,2785526.088,1102866.214,3.637496948
2/25/2026,16816.80078,2814956.193,1100155.076,3.63999939
2/26/2026,16749.80078,2787639.454,1092254.494,3.637496948
2/27/2026,16749,2816584.773,1122517.924,3.63999939
3/2/2026,16795,2858824.453,1196307.906,3.635002136
3/3/2026,16863,2769015.852,1257305.239,3.635002136
3/4/2026,16898.09961,2781733.661,1261612.179,3.63999939
3/5/2026,16865,2746516.669,1366233.686,3.637496948
3/6/2026,16913.09961,2798286.481,1537400.78,3.637496948
3/9/2026,16923.69922,2770331.782,1603858.918,3.63999939
3/10/2026,16886,2839189.078,1409136.648,3.637496948
3/11/2026,16852,2799717.818,1470337,3.63999939
3/12/2026,16884,2777023.933,1616305.377,3.63999939
3/13/2026,16908,2746561.319,1668988.665,3.637496948
3/16/2026,16952.09961,2721841.126,1585021.313,3.637496948
3/17/2026,16953.09961,2725817.067,1631057.698,3.642501831
3/18/2026,16971.30078,2668122.945,1634675.686,3.63999939
3/19/2026,17041.69922,2520737.181,1638388.952,3.642501831
3/20/2026,16915.90039,2485650.473,1663171.321,3.63999939
3/23/2026,16959.30078,2401352.202,1494623.131,3.63999939
3/24/2026,16865.09961,2385410.948,1557491.923,3.642501831
3/25/2026,16797.30078,2457098.263,1517132.201,3.642501831
3/26/2026,16749.59961,2356258.077,1582502.227,3.63999939
3/27/2026,16925,2444326.201,1686406.99,3.63999939
3/30/2026,16958,2467629.302,1744638.993,3.63999939
3/31/2026,16975.40039,2536527.16,1720966.045,3.642501831
4/1/2026,16936.40039,2604536.263,1695672.454,3.642501831
4/2/2026,16924.09961,2530983.63,1887714.086,3.63999939
4/6/2026,16988,2543434.504,1909621.142,3.642501831
4/7/2026,17015.30078,2547686.239,1921878.171,3.63999939
4/8/2026,17027.40039,2600081.604,1607556.933,3.642501831
4/9/2026,17005.5,2620083.284,1664328.332,3.63999939
4/10/2026,17059,2611707.7,1647387.625,3.63999939
4/13/2026,17083,2604672.064,1692583.671,3.642501831
4/14/2026,17079.19922,2649448.976,1558989.284,3.642501831
4/15/2026,17129,2643406.691,1563706.426,3.642501831
4/16/2026,17146.09961,2637997.119,1623564.214,3.63999939
4/17/2026,17123,2674190.573,1435763.524,3.642501831
4/20/2026,17133,2647659.571,1535288.14,3.63999939
4/21/2026,17123.80078,2586669.15,1577615.719,3.63999939
4/22/2026,17133.09961,2606857.553,1592692.924,3.63999939
4/23/2026,17199.5,2601809.093,1648572.049,3.642501831
4/24/2026,17329,2630981.507,1635857.626,3.642501831
4/27/2026,17246,2592375.351,1661997.067,3.63999939
4/28/2026,17216,2541426.656,1720394.885,3.642501831
4/29/2026,17244,2519891.079,1843038.673,3.642501831
4/30/2026,17334.19922,2571804.862,1821304.307,3.63999939
5/1/2026,17311,2576822.454,1764683.382,3.642501831
5/4/2026,17288.5,2512108.79,1839842.138,3.63999939
5/5/2026,17346.19922,2540736.927,1773995.736,3.63999939
5/6/2026,17389.80078,2617625.238,1653422.29,3.63999939
5/7/2026,17296.90039,2613595.546,1639919.084,3.635002136
5/8/2026,17294.90039,2624747.894,1650279.364,3.632499695
5/11/2026,17358,2633375.601,1702299.055,3.632499695
5/12/2026,17413,2618710.129,1779260.345,3.635002136
5/13/2026,17549,2650503.664,1772799.921,3.632499695
5/14/2026,17500,2632075.223,1770474.968,3.629997253
5/15/2026,17530.59961,2567746.468,1848075.779,3.627502441
5/18/2026,17586,2573995.37,1910894.824,3.627502441
5/19/2026,17701,2564534.951,1907636.711,3.629997253
5/20/2026,17777,2589834.476,1746768.058,3.629997253
5/21/2026,17658.40039,2577382.052,1701386.851,3.627502441
5/22/2026,17692,2571592.65,1709047.173,3.627502441
5/26/2026,17762,2570005.391,1667674.169,3.62
5/27/2026,17699.69922,2530887.874,1569609.332,3.62
5/28/2026,17804,2575452.713,1582775.627,3.62
5/29/2026,17840,2615762.878,1558502.411,3.62
6/1/2026,17817,2563528.264,1642014.785,3.62
6/2/2026,17864,2578273.955,1674928.678,3.62
6/3/2026,17858,2547322.687,1714725.1,3.62
6/4/2026,18004.19922,2590809.763,1675110.712,3.62
6/5/2026,17955.5,2503732.985,1625690.986,3.62
6/8/2026,18029,2513286.21,1646047.755,3.62
6/9/2026,18190.30078,2491383.257,1604384.473,3.62
6/10/2026,18031,2381565.193,1623330.908,3.62
6/11/2026,17875.90039,2350791.737,1567895.207,3.62
6/12/2026,17921,2428571.426,1521134.431,3.62
6/15/2026,17772,2472945.918,1435089,3.63
6/16/2026,17716,2466805.34,1347301.854,3.63
6/17/2026,17730,2484715.64,1361486.716,3.63
6/18/2026,17891,2429740.422,1370450.573,3.63
6/19/2026,17794.40039,2429740.422,1370450.573,3.63
6/22/2026,17788,2391618.016,1330898.155,3.63
6/23/2026,17862,2340349.6,1292137.015,3.63
6/24/2026,17955,2340349.6,1292137.015,3.63
